                  epoch,         train/box_loss,         train/seg_loss,         train/cls_loss,         train/dfl_loss,   metrics/precision(B),      metrics/recall(B),       metrics/mAP50(B),    metrics/mAP50-95(B),   metrics/precision(M),      metrics/recall(M),       metrics/mAP50(M),    metrics/mAP50-95(M),           val/box_loss,           val/seg_loss,           val/cls_loss,           val/dfl_loss,                 lr/pg0,                 lr/pg1,                 lr/pg2
                      1,                 2.0426,                 4.0025,                 2.1046,                 2.0497,                0.74479,                0.41342,                0.59275,                0.44059,                0.67781,                0.38132,                0.54595,                 0.2865,                 1.2991,                 3.1011,                 1.4434,                 1.4909,               0.066863,             0.00016652,             0.00016652
                      2,                 1.3668,                 3.1098,                 1.4213,                   1.51,                0.80826,                0.53507,                0.68508,                0.56869,                0.75267,                0.49222,                0.63923,                0.42908,                 1.0395,                 2.3493,                 1.0322,                 1.2915,               0.033697,             0.00033312,             0.00033312
                      3,                 1.2125,                 2.7961,                 1.2013,                 1.3876,                0.87814,                0.70054,                0.82468,                0.65322,                0.81814,                0.63751,                0.74639,                0.46667,                0.90523,                 2.1493,                0.76863,                  1.211,             0.00052958,             0.00049945,             0.00049945
                      4,                 1.1118,                 2.5852,                  1.054,                 1.3051,                0.87175,                0.79978,                0.87214,                0.68077,                 0.7939,                0.76459,                0.81113,                0.50144,                0.81228,                 1.8772,                0.70127,                 1.1454,             0.00049909,             0.00049909,             0.00049909
                      5,                 1.0298,                 2.4371,                0.94444,                 1.2459,                0.91242,                0.81982,                0.89122,                0.73896,                0.87618,                0.78181,                 0.8433,                0.52491,                0.72304,                  1.768,                0.61316,                 1.0797,             0.00049839,             0.00049839,             0.00049839
                      6,                0.96615,                  2.304,                 0.8658,                 1.2048,                0.90027,                 0.8611,                0.92557,                0.76953,                0.86419,                0.80382,                0.87794,                0.54846,                0.68623,                 1.6904,                0.57478,                 1.0502,             0.00049748,             0.00049748,             0.00049748
                      7,                0.93191,                  2.239,                0.80805,                 1.1764,                0.93534,                0.87253,                0.93896,                0.80266,                 0.8832,                0.81146,                0.88195,                0.56513,                0.65848,                 1.6701,                 0.5311,                 1.0137,             0.00049638,             0.00049638,             0.00049638
                      8,                0.89447,                 2.1713,                0.76317,                 1.1469,                0.91003,                0.92483,                0.95416,                0.80348,                0.91776,                0.83871,                0.90549,                0.60489,                0.64527,                  1.518,                 0.5117,                 1.0091,             0.00049507,             0.00049507,             0.00049507
                      9,                0.86638,                 2.1102,                0.72708,                 1.1273,                0.94893,                0.90922,                0.95756,                0.82724,                0.89629,                0.85928,                0.90735,                0.59217,                0.61056,                 1.5404,                0.48859,                0.99269,             0.00049357,             0.00049357,             0.00049357
                     10,                0.83961,                 2.0542,                0.70175,                 1.1094,                0.95475,                 0.9385,                0.96623,                0.84574,                0.90985,                0.89614,                0.92208,                0.59145,                0.56919,                 1.5271,                0.45935,                0.96308,             0.00049187,             0.00049187,             0.00049187
                     11,                0.82195,                 2.0203,                0.67009,                 1.0979,                0.96507,                0.94249,                0.97067,                 0.8648,                 0.9219,                0.90377,                0.92427,                 0.6096,                0.54221,                 1.4788,                0.43621,                0.94954,             0.00048997,             0.00048997,             0.00048997
                     12,                0.80322,                 1.9892,                 0.6449,                  1.087,                0.95766,                 0.9405,                0.97159,                0.86305,                0.92981,                0.91475,                0.94001,                0.62118,                0.52952,                 1.3714,                0.43082,                0.94288,             0.00048789,             0.00048789,             0.00048789
                     13,                0.78314,                 1.9498,                0.62446,                  1.079,                0.94233,                0.94849,                0.97206,                0.86673,                0.91345,                 0.9194,                0.93717,                0.62572,                 0.5223,                 1.3738,                 0.4226,                0.93123,             0.00048561,             0.00048561,             0.00048561
                     14,                0.77046,                 1.9218,                0.60243,                 1.0654,                0.95389,                 0.9496,                0.97695,                0.87743,                0.91857,                 0.9163,                0.93233,                0.61675,                0.49712,                 1.3741,                0.40552,                 0.9183,             0.00048314,             0.00048314,             0.00048314
                     15,                0.76171,                 1.9091,                0.58903,                 1.0561,                 0.9614,                0.94947,                0.97886,                0.88852,                0.92902,                0.91784,                 0.9336,                0.62166,                0.48679,                 1.3591,                0.39322,                 0.9098,             0.00048048,             0.00048048,             0.00048048
                     16,                0.75296,                 1.8855,                0.57769,                  1.048,                0.95031,                0.95966,                0.98089,                0.88521,                0.92511,                0.93605,                0.94518,                0.63031,                0.48579,                 1.3316,                0.38643,                0.90907,             0.00047763,             0.00047763,             0.00047763
                     17,                0.73479,                 1.8651,                0.56254,                 1.0361,                0.95996,                 0.9592,                0.98163,                0.89136,                0.93472,                0.92964,                 0.9455,                0.63789,                0.48071,                 1.3156,                0.38847,                0.90768,             0.00047461,             0.00047461,             0.00047461
                     18,                0.72678,                 1.8469,                0.54837,                 1.0297,                0.96919,                0.95443,                0.98386,                0.89072,                0.94629,                0.92983,                0.94944,                0.63536,                0.47379,                 1.3111,                0.38334,                0.90186,              0.0004714,              0.0004714,              0.0004714
                     19,                  0.718,                  1.817,                 0.5354,                 1.0272,                0.96842,                0.96157,                0.98405,                0.89573,                0.93921,                0.93223,                0.94259,                0.63307,                 0.4657,                 1.3101,                0.38109,                0.89545,             0.00046801,             0.00046801,             0.00046801
                     20,                0.70408,                  1.801,                0.52004,                 1.0175,                0.97238,                 0.9617,                 0.9843,                0.89913,                  0.942,                 0.9321,                0.94359,                0.62889,                0.46348,                 1.3254,                0.36972,                0.89565,             0.00046445,             0.00046445,             0.00046445
                     21,                0.69472,                 1.7812,                0.51018,                 1.0135,                0.97316,                 0.9648,                0.98424,                0.89884,                0.94407,                0.93631,                0.94581,                0.62847,                 0.4575,                 1.3158,                0.36462,                0.89189,             0.00046071,             0.00046071,             0.00046071
                     22,                0.69091,                 1.7672,                0.50221,                  1.012,                0.96769,                 0.9662,                0.98596,                0.89965,                0.93911,                0.93654,                0.94673,                0.62942,                0.45421,                 1.3054,                0.36485,                0.88892,              0.0004568,              0.0004568,              0.0004568
                     23,                0.68325,                   1.76,                0.49586,                 1.0085,                0.96666,                0.96821,                0.98666,                0.90104,                0.94143,                 0.9396,                0.95207,                0.63563,                0.45717,                  1.292,                0.36201,                0.88833,             0.00045273,             0.00045273,             0.00045273
                     24,                0.67607,                 1.7395,                0.48551,                 1.0002,                0.96367,                 0.9726,                0.98744,                0.90299,                0.93795,                0.94102,                0.95006,                 0.6354,                0.45069,                 1.2881,                0.35759,                0.88283,              0.0004485,              0.0004485,              0.0004485
                     25,                0.67365,                 1.7274,                 0.4813,                 0.9973,                0.96417,                 0.9706,                0.98734,                0.90612,                0.93708,                0.94112,                0.94933,                0.63831,                0.44403,                 1.2891,                0.35546,                0.87826,              0.0004441,              0.0004441,              0.0004441
                     26,                0.66767,                 1.7067,                0.47161,                0.99356,                0.97027,                0.96999,                0.98755,                0.90794,                0.94352,                0.94161,                0.95142,                0.63921,                0.43989,                 1.2922,                0.35236,                0.87586,             0.00043955,             0.00043955,             0.00043955
                     27,                 0.6604,                 1.6986,                0.46884,                0.99071,                0.96954,                0.97594,                0.98802,                0.90973,                 0.9411,                0.94728,                0.95266,                0.64031,                0.43617,                 1.2913,                0.35353,                 0.8734,             0.00043484,             0.00043484,             0.00043484
                     28,                 0.6561,                 1.6787,                0.46143,                0.98718,                0.96866,                0.97523,                0.98762,                0.91094,                0.94153,                0.94665,                0.95316,                0.63878,                0.43372,                 1.2861,                0.35139,                0.87153,             0.00042999,             0.00042999,             0.00042999
                     29,                 0.6515,                 1.6705,                0.45511,                0.98072,                0.96993,                0.97587,                0.98792,                0.91219,                0.94319,                0.94907,                0.95433,                 0.6377,                0.43142,                 1.2834,                0.34996,                0.87019,             0.00042499,             0.00042499,             0.00042499
                     30,                0.64636,                 1.6596,                0.45076,                0.98174,                0.97019,                0.97557,                0.98813,                0.91236,                0.94311,                0.94898,                0.95475,                  0.638,                0.42968,                 1.2821,                 0.3478,                0.86899,             0.00041985,             0.00041985,             0.00041985
                     31,                0.63849,                 1.6449,                0.44372,                0.97749,                0.96977,                 0.9753,                0.98841,                0.91312,                0.94397,                0.94985,                0.95671,                0.63892,                0.42784,                 1.2796,                0.34513,                0.86744,             0.00041458,             0.00041458,             0.00041458
                     32,                0.63371,                 1.6361,                 0.4389,                 0.9747,                0.97291,                0.97723,                0.98905,                0.91414,                0.94713,                0.95023,                0.95724,                0.63997,                0.42558,                 1.2785,                0.34508,                0.86606,             0.00040917,             0.00040917,             0.00040917
                     33,                0.62661,                 1.6244,                0.43102,                0.97192,                0.97465,                0.97644,                0.98906,                0.91506,                0.94865,                0.94882,                0.95736,                0.64174,                0.42373,                 1.2738,                0.34381,                0.86481,             0.00040364,             0.00040364,             0.00040364
                     34,                0.62052,                 1.6104,                0.42394,                0.97131,                0.97564,                0.97504,                0.98923,                0.91522,                0.95038,                0.95007,                0.95856,                0.64121,                0.42158,                 1.2718,                0.34227,                0.86374,             0.00039798,             0.00039798,             0.00039798
                     35,                0.61937,                 1.6096,                0.42221,                0.96597,                 0.9759,                 0.9767,                0.98927,                0.91597,                0.95074,                0.95075,                0.95792,                0.64131,                0.41975,                 1.2701,                0.33976,                0.86253,              0.0003922,              0.0003922,              0.0003922
                     36,                0.61436,                 1.5971,                0.41755,                0.96285,                0.97643,                0.97697,                 0.9895,                0.91579,                0.95275,                0.95267,                0.95909,                0.64217,                0.41851,                  1.267,                 0.3377,                0.86169,             0.00038631,             0.00038631,             0.00038631
                     37,                0.61084,                 1.5983,                0.41315,                0.95845,                 0.9764,                0.97799,                0.98992,                0.91544,                0.95325,                0.95356,                0.95926,                0.64263,                0.41677,                 1.2639,                 0.3368,                0.86066,             0.00038031,             0.00038031,             0.00038031
                     38,                0.60713,                 1.5833,                 0.4078,                0.95462,                0.97726,                0.97813,                0.99011,                0.91612,                0.95403,                0.95434,                0.96022,                0.64383,                0.41548,                 1.2626,                0.33543,                0.85965,              0.0003742,              0.0003742,              0.0003742
                     39,                0.60042,                  1.572,                0.40311,                0.95668,                0.97801,                0.97857,                0.99028,                0.91656,                0.95527,                0.95524,                 0.9615,                0.64436,                0.41374,                 1.2609,                0.33322,                 0.8587,               0.000368,               0.000368,               0.000368
                     40,                0.60014,                 1.5712,                0.40151,                0.94945,                 0.9786,                0.97846,                0.99048,                0.91745,                0.95607,                0.95493,                0.96123,                0.64382,                0.41251,                   1.26,                0.33178,                0.85784,              0.0003617,              0.0003617,              0.0003617
                     41,                0.59647,                 1.5667,                0.39597,                0.94709,                0.97956,                0.97987,                 0.9906,                0.91764,                0.95766,                0.95729,                0.96279,                0.64387,                0.41065,                  1.259,                  0.331,                0.85676,             0.00035532,             0.00035532,             0.00035532
                     42,                0.58728,                 1.5512,                0.39115,                0.94755,                0.98014,                0.98012,                 0.9906,                0.91854,                0.95741,                0.95774,                0.96294,                0.64418,                0.40909,                 1.2568,                0.32917,                0.85582,             0.00034884,             0.00034884,             0.00034884
                     43,                0.58439,                 1.5501,                0.38784,                0.94287,                0.98274,                0.97991,                0.99065,                0.91937,                0.95997,                0.95764,                0.96336,                0.64506,                0.40746,                  1.255,                 0.3278,                0.85483,             0.00034229,             0.00034229,             0.00034229
                     44,                0.58188,                 1.5432,                0.38491,                0.94066,                  0.983,                0.98012,                 0.9907,                0.91999,                0.96037,                0.95818,                0.96343,                0.64547,                 0.4058,                 1.2532,                0.32656,                0.85387,             0.00033567,             0.00033567,             0.00033567
                     45,                0.58026,                 1.5362,                0.38154,                0.94209,                0.98326,                0.98043,                0.99078,                0.91988,                0.96051,                0.95822,                0.96306,                0.64636,                0.40471,                 1.2509,                0.32416,                0.85297,             0.00032898,             0.00032898,             0.00032898
                     46,                 0.5695,                 1.5195,                0.37752,                0.94203,                0.98387,                0.98133,                0.99094,                0.92116,                0.96115,                0.95911,                0.96324,                0.64761,                0.40359,                 1.2479,                0.32133,                0.85206,             0.00032223,             0.00032223,             0.00032223
                     47,                0.57281,                 1.5309,                0.37698,                0.93872,                0.98443,                0.98155,                0.99101,                0.92241,                0.96143,                0.95917,                0.96324,                0.64834,                0.40188,                 1.2468,                0.31922,                0.85095,             0.00031542,             0.00031542,             0.00031542
                     48,                0.56576,                 1.5112,                0.37224,                0.93616,                0.98417,                0.98209,                0.99101,                0.92321,                0.96142,                0.95957,                0.96364,                0.64887,                0.40071,                 1.2448,                0.31739,                0.84991,             0.00030856,             0.00030856,             0.00030856
                     49,                0.56367,                 1.5084,                0.37055,                0.93497,                0.98414,                0.98215,                0.99105,                0.92383,                0.96115,                0.95934,                0.96341,                0.64903,                0.39968,                 1.2416,                0.31475,                0.84896,             0.00030165,             0.00030165,             0.00030165
                     50,                0.55949,                 1.5119,                0.36695,                0.93334,                 0.9851,                0.98232,                0.99123,                0.92475,                0.96218,                0.95975,                0.96423,                0.64989,                0.39789,                  1.239,                0.31151,                0.84777,              0.0002947,              0.0002947,              0.0002947
                     51,                0.56269,                 1.5067,                0.36647,                0.92925,                0.98544,                  0.982,                 0.9913,                0.92555,                0.96248,                0.95968,                0.96464,                0.65052,                0.39672,                  1.237,                0.31005,                0.84675,             0.00028772,             0.00028772,             0.00028772
                     52,                0.55693,                 1.4975,                0.36177,                0.93042,                 0.9846,                0.98217,                0.99158,                0.92636,                0.96224,                0.96008,                0.96478,                0.65134,                0.39498,                 1.2346,                0.30873,                0.84571,             0.00028071,             0.00028071,             0.00028071
                     53,                0.54989,                 1.4917,                0.35909,                0.92765,                0.98505,                0.98233,                0.99153,                0.92721,                0.96221,                0.96011,                0.96477,                0.65191,                0.39409,                 1.2328,                0.30876,                0.84487,             0.00027368,             0.00027368,             0.00027368
                     54,                0.54814,                 1.4879,                0.35699,                0.92762,                0.98537,                0.98279,                0.99159,                0.92779,                0.96175,                0.95983,                0.96474,                0.65242,                0.39262,                 1.2313,                0.30866,                0.84385,             0.00026663,             0.00026663,             0.00026663
                     55,                0.54457,                 1.4804,                0.35371,                0.92004,                0.98554,                0.98261,                0.99152,                0.92851,                 0.9624,                0.96013,                0.96525,                0.65226,                0.39109,                 1.2296,                0.30741,                0.84294,             0.00025957,             0.00025957,             0.00025957
                     56,                0.54336,                  1.482,                0.35254,                0.92076,                0.98595,                0.98317,                0.99167,                0.92871,                0.96284,                0.96071,                0.96532,                0.65278,                 0.3896,                 1.2281,                0.30526,                 0.8419,              0.0002525,              0.0002525,              0.0002525
                     57,                0.54012,                  1.463,                0.35089,                0.92024,                0.98589,                0.98326,                0.99181,                0.92975,                0.96314,                0.96106,                0.96543,                0.65281,                0.38803,                 1.2264,                0.30332,                0.84097,             0.00024543,             0.00024543,             0.00024543
                     58,                0.53593,                 1.4618,                0.34606,                0.91984,                0.98543,                 0.9834,                0.99185,                 0.9301,                0.96309,                0.96182,                  0.966,                0.65481,                0.38657,                 1.2245,                0.30288,                0.83995,             0.00023837,             0.00023837,             0.00023837
                     59,                0.53106,                 1.4578,                0.34365,                0.91651,                0.98585,                0.98335,                0.99188,                0.93073,                0.96396,                0.96185,                0.96614,                0.65528,                0.38551,                 1.2238,                0.30082,                0.83905,             0.00023132,             0.00023132,             0.00023132
                     60,                 0.5329,                 1.4577,                0.34479,                0.91639,                0.98588,                 0.9838,                0.99206,                0.93119,                0.96387,                0.96199,                0.96631,                0.65594,                0.38419,                 1.2227,                0.29974,                 0.8382,             0.00022429,             0.00022429,             0.00022429
                     61,                0.52812,                 1.4534,                0.34081,                0.91518,                 0.9862,                0.98445,                0.99225,                0.93172,                0.96455,                0.96219,                 0.9665,                0.65618,                0.38325,                 1.2215,                0.29938,                0.83741,             0.00021728,             0.00021728,             0.00021728
                     62,                0.52663,                 1.4472,                0.34011,                0.91275,                0.98587,                0.98486,                0.99246,                0.93171,                0.96434,                0.96275,                0.96679,                0.65653,                0.38167,                 1.2206,                0.29879,                0.83653,              0.0002103,              0.0002103,              0.0002103
                     63,                0.52256,                 1.4395,                0.33713,                0.91226,                0.98677,                0.98455,                0.99257,                0.93189,                0.96452,                0.96268,                0.96687,                0.65718,                0.38024,                 1.2188,                0.29883,                 0.8356,             0.00020335,             0.00020335,             0.00020335
                     64,                0.52037,                 1.4391,                0.33572,                0.91059,                0.98608,                0.98493,                0.99261,                0.93195,                0.96386,                0.96279,                0.96689,                0.65808,                0.37918,                 1.2178,                0.29717,                0.83467,             0.00019644,             0.00019644,             0.00019644
                     65,                  0.519,                 1.4347,                0.33371,                0.90966,                0.98677,                0.98542,                0.99256,                0.93285,                0.96449,                0.96347,                0.96702,                0.65806,                0.37765,                 1.2151,                0.29619,                 0.8336,             0.00018958,             0.00018958,             0.00018958
                     66,                0.51845,                 1.4304,                 0.3326,                 0.9079,                0.98722,                0.98586,                0.99265,                 0.9331,                0.96573,                0.96466,                0.96745,                0.65867,                 0.3761,                  1.215,                0.29638,                0.83246,             0.00018277,             0.00018277,             0.00018277
                     67,                0.51246,                 1.4321,                0.33016,                0.90825,                0.98749,                0.98629,                0.99274,                0.93392,                0.96627,                0.96461,                0.96751,                0.65906,                0.37489,                 1.2146,                0.29597,                 0.8317,             0.00017602,             0.00017602,             0.00017602
                     68,                0.51323,                 1.4228,                0.32989,                0.90622,                0.98761,                0.98662,                0.99285,                0.93432,                0.96664,                0.96368,                0.96749,                0.65946,                0.37322,                 1.2133,                0.29577,                0.83072,             0.00016933,             0.00016933,             0.00016933
                     69,                0.50973,                 1.4194,                0.32718,                0.90554,                 0.9872,                0.98709,                 0.9929,                0.93432,                0.96715,                0.96417,                0.96781,                0.65966,                0.37202,                 1.2125,                0.29614,                0.82978,             0.00016271,             0.00016271,             0.00016271
                     70,                0.50713,                  1.409,                0.32451,                0.90272,                0.98743,                0.98718,                0.99291,                0.93523,                0.96626,                  0.966,                0.96784,                0.65966,                0.37086,                 1.2119,                0.29469,                0.82888,             0.00015616,             0.00015616,             0.00015616
                     71,                0.50521,                 1.4058,                0.32373,                0.90385,                0.98743,                 0.9863,                0.99304,                0.93529,                0.96675,                0.96416,                0.96791,                0.65999,                0.36962,                 1.2104,                0.29311,                0.82803,             0.00014968,             0.00014968,             0.00014968
                     72,                0.50233,                 1.4102,                0.32276,                0.90092,                0.98757,                0.98559,                0.99305,                0.93543,                0.96634,                 0.9644,                0.96813,                0.66012,                0.36868,                 1.2104,                0.29156,                0.82721,              0.0001433,              0.0001433,              0.0001433
                     73,                0.50114,                 1.4091,                 0.3211,                  0.901,                0.98752,                 0.9863,                0.99305,                0.93645,                0.96588,                0.96385,                0.96791,                0.66013,                0.36774,                 1.2092,                0.29022,                0.82635,               0.000137,               0.000137,               0.000137
                     74,                0.50085,                 1.3994,                0.31984,                0.89935,                0.98693,                0.98608,                0.99307,                0.93767,                0.96495,                0.96313,                0.96812,                 0.6603,                0.36681,                  1.209,                0.28823,                0.82562,              0.0001308,              0.0001308,              0.0001308
                     75,                0.49981,                 1.4022,                0.31927,                0.89895,                0.98698,                0.98588,                0.99295,                0.93786,                0.96515,                0.96367,                0.96781,                0.66038,                0.36582,                 1.2096,                0.28627,                0.82485,             0.00012469,             0.00012469,             0.00012469
                     76,                0.49751,                 1.4036,                0.31847,                0.89829,                0.98712,                0.98598,                0.99296,                0.93821,                0.96502,                0.96344,                0.96775,                0.66032,                0.36439,                 1.2099,                0.28473,                0.82408,             0.00011869,             0.00011869,             0.00011869
                     77,                0.49105,                 1.3799,                0.31459,                0.89605,                0.98703,                0.98586,                0.99297,                0.93835,                0.96444,                0.96277,                0.96763,                0.66106,                0.36325,                 1.2084,                0.28496,                0.82337,              0.0001128,              0.0001128,              0.0001128
                     78,                 0.4935,                 1.3992,                0.31511,                0.89642,                0.98573,                 0.9863,                0.99309,                0.93887,                0.96358,                0.96298,                0.96744,                0.66092,                 0.3625,                  1.209,                0.28338,                0.82268,             0.00010702,             0.00010702,             0.00010702
                     79,                0.48932,                  1.386,                0.31358,                0.89651,                0.98521,                 0.9864,                0.99311,                0.93898,                0.96577,                0.96082,                0.96728,                 0.6608,                0.36162,                 1.2095,                0.28237,                0.82205,             0.00010136,             0.00010136,             0.00010136
                     80,                0.49115,                 1.3853,                0.31358,                0.89458,                0.98499,                0.98679,                0.99311,                0.93949,                 0.9657,                0.96003,                0.96729,                0.66066,                0.36084,                 1.2081,                0.28198,                 0.8215,             9.5829e-05,             9.5829e-05,             9.5829e-05
                     81,                0.49119,                 1.3849,                0.31383,                0.89247,                0.98552,                0.98681,                0.99311,                0.93973,                0.96257,                0.96155,                0.96705,                 0.6604,                0.36014,                 1.2084,                0.28213,                0.82088,             9.0422e-05,             9.0422e-05,             9.0422e-05
                     82,                 0.4847,                 1.3838,                0.31001,                0.89356,                0.98627,                0.98631,                0.99312,                0.94005,                0.96211,                0.96089,                0.96665,                0.66067,                 0.3596,                 1.2092,                0.28231,                0.82029,             8.5147e-05,             8.5147e-05,             8.5147e-05
                     83,                0.48274,                 1.3705,                0.30956,                0.89288,                0.98701,                0.98599,                0.99314,                0.94065,                0.96282,                0.96073,                0.96715,                0.66108,                0.35862,                 1.2087,                0.28118,                0.81972,             8.0008e-05,             8.0008e-05,             8.0008e-05
                     84,                0.48295,                 1.3718,                0.30871,                0.89125,                0.98773,                0.98527,                0.99331,                0.94045,                0.96421,                 0.9621,                0.96776,                0.66126,                 0.3582,                  1.208,                0.27951,                0.81919,              7.501e-05,              7.501e-05,              7.501e-05
                     85,                0.48203,                 1.3673,                0.30822,                0.89216,                0.98855,                0.98527,                0.99331,                0.94071,                0.96547,                 0.9611,                0.96722,                0.66181,                0.35761,                  1.207,                0.27978,                0.81874,             7.0157e-05,             7.0157e-05,             7.0157e-05
                     86,                0.47907,                 1.3738,                0.30643,                0.89118,                0.99179,                0.98417,                0.99331,                0.94095,                0.96794,                0.96027,                0.96712,                0.66154,                0.35694,                 1.2065,                0.27951,                0.81819,             6.5452e-05,             6.5452e-05,             6.5452e-05
                     87,                 0.4785,                 1.3678,                0.30634,                0.88995,                0.99187,                0.98384,                0.99332,                 0.9407,                0.96793,                 0.9603,                0.96715,                0.66164,                0.35607,                 1.2053,                0.27899,                0.81764,               6.09e-05,               6.09e-05,               6.09e-05
                     88,                0.47805,                 1.3698,                0.30566,                0.88883,                0.99214,                0.98416,                0.99314,                0.94118,                0.96846,                0.96084,                0.96747,                  0.662,                0.35537,                  1.205,                0.27855,                0.81715,             5.6504e-05,             5.6504e-05,             5.6504e-05
                     89,                0.47432,                  1.364,                0.30371,                0.88776,                0.99261,                0.98434,                0.99317,                0.94152,                0.96866,                0.96085,                0.96724,                0.66258,                0.35413,                 1.2043,                0.27855,                0.81666,             5.2268e-05,             5.2268e-05,             5.2268e-05
                     90,                0.47739,                 1.3611,                0.30501,                0.88764,                 0.9919,                0.98431,                0.99316,                0.94165,                0.96822,                0.96124,                0.96761,                 0.6632,                0.35347,                 1.2039,                 0.2781,                0.81624,             4.8196e-05,             4.8196e-05,             4.8196e-05
                     91,                0.47486,                 1.3684,                0.30338,                0.88759,                0.99159,                0.98468,                0.99316,                0.94153,                0.96737,                0.96085,                  0.967,                0.66332,                0.35278,                 1.2033,                0.27769,                0.81576,              4.429e-05,              4.429e-05,              4.429e-05
                     92,                0.47063,                 1.3631,                0.30142,                0.88926,                0.99046,                0.98469,                0.99317,                0.94189,                0.96653,                0.96109,                0.96739,                0.66399,                0.35222,                 1.2027,                0.27684,                0.81532,             4.0554e-05,             4.0554e-05,             4.0554e-05
                     93,                0.47313,                 1.3547,                0.30242,                 0.8861,                0.99177,                0.98406,                0.99316,                0.94163,                0.96727,                 0.9607,                 0.9674,                0.66445,                 0.3516,                 1.2022,                0.27651,                0.81488,              3.699e-05,              3.699e-05,              3.699e-05
                     94,                 0.4723,                  1.367,                0.30177,                0.88694,                0.99173,                0.98413,                0.99319,                0.94104,                0.96724,                0.96084,                 0.9673,                0.66461,                0.35118,                 1.2018,                0.27614,                0.81454,             3.3603e-05,             3.3603e-05,             3.3603e-05
                     95,                0.47034,                 1.3602,                0.30112,                 0.8854,                0.99156,                0.98403,                0.99335,                  0.941,                0.96652,                0.96079,                0.96732,                0.66478,                0.35082,                 1.2016,                0.27558,                0.81433,             3.0394e-05,             3.0394e-05,             3.0394e-05
                     96,                0.46979,                 1.3523,                0.30017,                 0.8866,                0.99127,                0.98345,                0.99334,                 0.9411,                0.96689,                0.96024,                0.96726,                0.66494,                0.35005,                 1.2014,                0.27493,                0.81397,             2.7366e-05,             2.7366e-05,             2.7366e-05
                     97,                0.46962,                 1.3564,                0.29983,                0.88654,                0.99159,                0.98311,                0.99319,                0.94116,                 0.9674,                 0.9595,                0.96742,                0.66514,                0.34977,                  1.201,                0.27397,                0.81375,             2.4522e-05,             2.4522e-05,             2.4522e-05
                     98,                0.46666,                 1.3502,                0.29866,                0.88609,                0.99093,                0.98308,                0.99319,                0.94124,                0.96685,                0.95948,                0.96743,                0.66521,                0.34933,                 1.2004,                0.27343,                0.81353,             2.1864e-05,             2.1864e-05,             2.1864e-05
                     99,                0.47183,                 1.3501,                0.30121,                0.88476,                0.99048,                0.98294,                 0.9932,                0.94111,                0.96687,                 0.9597,                0.96697,                0.66544,                0.34901,                 1.2004,                0.27344,                0.81322,             1.9394e-05,             1.9394e-05,             1.9394e-05
                    100,                0.46552,                 1.3486,                0.29763,                0.88684,                0.99048,                0.98281,                 0.9932,                0.94139,                0.96693,                0.95947,                0.96694,                0.66509,                0.34878,                 1.2002,                0.27331,                0.81298,             1.7114e-05,             1.7114e-05,             1.7114e-05
                    101,                0.45344,                 1.3011,                0.28254,                0.88771,                0.99027,                0.98275,                0.99319,                0.94216,                0.96725,                0.95977,                0.96735,                0.66546,                0.34823,                 1.1997,                0.27301,                0.81264,             1.5025e-05,             1.5025e-05,             1.5025e-05
                    102,                 0.4575,                 1.3107,                0.28441,                0.88601,                0.99044,                0.98285,                0.99321,                0.94167,                0.96751,                0.95977,                 0.9675,                0.66546,                0.34784,                 1.1997,                0.27265,                0.81229,             1.3131e-05,             1.3131e-05,             1.3131e-05
                    103,                0.45512,                 1.3051,                0.28223,                0.88749,                0.99056,                0.98295,                0.99321,                0.94097,                0.96839,                0.95996,                0.96785,                0.66557,                0.34757,                  1.199,                0.27238,                0.81196,             1.1432e-05,             1.1432e-05,             1.1432e-05
                    104,                0.45309,                 1.3021,                 0.2816,                0.88635,                  0.991,                0.98299,                 0.9932,                 0.9414,                0.96856,                0.96024,                0.96799,                0.66598,                0.34731,                 1.1981,                0.27195,                0.81161,             9.9296e-06,             9.9296e-06,             9.9296e-06
                    105,                0.45522,                 1.3067,                0.28218,                0.88593,                0.99097,                0.98304,                 0.9932,                 0.9417,                 0.9691,                 0.9604,                0.96796,                 0.6659,                0.34692,                 1.1973,                0.27244,                0.81127,             8.6249e-06,             8.6249e-06,             8.6249e-06
                    106,                0.45451,                 1.3014,                0.28246,                0.88416,                0.99121,                0.98306,                0.99318,                0.94154,                0.96942,                0.96019,                0.96796,                0.66641,                0.34657,                 1.1964,                0.27175,                0.81097,             7.5192e-06,             7.5192e-06,             7.5192e-06
                    107,                0.45291,                 1.2999,                0.28185,                0.88447,                0.99121,                0.98311,                0.99319,                0.94176,                 0.9689,                0.96005,                0.96812,                  0.667,                0.34588,                 1.1951,                0.27177,                0.81059,             6.6133e-06,             6.6133e-06,             6.6133e-06
                    108,                 0.4527,                 1.3009,                0.28135,                0.88341,                0.99165,                0.98298,                0.99319,                0.94167,                0.96931,                0.96039,                0.96833,                0.66711,                0.34557,                 1.1946,                0.27079,                0.81029,             5.9079e-06,             5.9079e-06,             5.9079e-06
                    109,                0.45249,                 1.3052,                0.28143,                0.88432,                0.99156,                0.98298,                0.99319,                0.94157,                0.96902,                0.96039,                0.96824,                0.66681,                0.34528,                  1.194,                0.27026,                0.81007,             5.4036e-06,             5.4036e-06,             5.4036e-06
                    110,                0.45289,                 1.2969,                0.28072,                 0.8823,                0.99152,                0.98297,                0.99319,                0.94162,                 0.9679,                0.96374,                0.96875,                0.66722,                0.34482,                 1.1933,                0.26993,                0.80977,             5.1009e-06,             5.1009e-06,             5.1009e-06
